{"uid":"83edc06c07f9ae9e47eb6dd1b683e4e2","children":[{"name":"\\u767b\\u5f55\\u6d4b\\u8bd5\\u7528\\u4f8b-\\u6b63\\u786e\\u7684\\u7528\\u6237\\u540d\\u548c\\u5bc6\\u78011","children":[{"name":"登录测试用例-正确的用户名和密码1","uid":"78920a826e6a8353","parentUid":"5d73415781082296260b2fcefc28189d","status":"passed","time":{"start":1720062874695,"stop":1720062890496,"duration":15801},"flaky":false,"newFailed":false,"newPassed":false,"newBroken":false,"retriesCount":0,"retriesStatusChange":false,"parameters":["{'desc': '登录测试用例', 'pre_script': ['print(\"执行前...\")'], 'steps': [{'进入到登录页面': {'关键字': 'open_browser', '数据内容': 'http://120.25.127.201:18001/user/login.html'}}, {'输入用户名': {'关键字': 'input_context', '定位方式': 'id', '目标对象': 'txtUName', '数据内容': '{{username}}'}}, {'输入密码': {'关键字': 'input_context', '定位方式': 'id', '目标对象': 'txtPassword', '数据内容': '{{password}}'}}, {'强制等待': {'关键字': 'wait_sleep', '数据内容': '3'}}, {'点击确定按钮': {'关键字': 'option_click', '定位方式': 'name', '目标对象': 'btnLogin', '数据内容': ''}}, {'判断是否跳转到登录页面': {'关键字': 'assert_url', '数据内容': 'http://120.25.127.201:18001/'}}, {'判断标题': {'关键字': 'assert_title', '数据内容': '读书屋_原创小说网站'}}], 'post_script': ['print(\"执行后...\")'], 'context': {'username': 15096268001, 'password': '123456', 'desc': '正确的用户名和密码1'}, '_case_name': '登录测试用例-正确的用户名和密码1'}"],"tags":[]}],"uid":"5d73415781082296260b2fcefc28189d"},{"name":"\\u767b\\u5f55\\u6d4b\\u8bd5\\u7528\\u4f8b-\\u6b63\\u786e\\u7684\\u7528\\u6237\\u540d\\u548c\\u5bc6\\u78012","children":[{"name":"登录测试用例-正确的用户名和密码2","uid":"f7eb1c12c7df23b4","parentUid":"3b2e3e4693ba63e5ed7121e7838b757c","status":"passed","time":{"start":1720062890502,"stop":1720062905734,"duration":15232},"flaky":false,"newFailed":false,"newPassed":false,"newBroken":false,"retriesCount":0,"retriesStatusChange":false,"parameters":["{'desc': '登录测试用例', 'pre_script': ['print(\"执行前...\")'], 'steps': [{'进入到登录页面': {'关键字': 'open_browser', '数据内容': 'http://120.25.127.201:18001/user/login.html'}}, {'输入用户名': {'关键字': 'input_context', '定位方式': 'id', '目标对象': 'txtUName', '数据内容': '{{username}}'}}, {'输入密码': {'关键字': 'input_context', '定位方式': 'id', '目标对象': 'txtPassword', '数据内容': '{{password}}'}}, {'强制等待': {'关键字': 'wait_sleep', '数据内容': '3'}}, {'点击确定按钮': {'关键字': 'option_click', '定位方式': 'name', '目标对象': 'btnLogin', '数据内容': ''}}, {'判断是否跳转到登录页面': {'关键字': 'assert_url', '数据内容': 'http://120.25.127.201:18001/'}}, {'判断标题': {'关键字': 'assert_title', '数据内容': '读书屋_原创小说网站'}}], 'post_script': ['print(\"执行后...\")'], 'context': {'username': 15096268001, 'password': '123456', 'desc': '正确的用户名和密码2'}, '_case_name': '登录测试用例-正确的用户名和密码2'}"],"tags":[]}],"uid":"3b2e3e4693ba63e5ed7121e7838b757c"}],"name":"packages"}