{"total":2,"items":[{"uid":"2e1e64382affb9e6ed076350979ebbd3","name":"\\u767b\\u5f55\\u6d4b\\u8bd5\\u7528\\u4f8b-\\u6b63\\u786e\\u7684\\u7528\\u6237\\u540d\\u548c\\u5bc6\\u78011","statistic":{"failed":0,"broken":0,"skipped":0,"passed":1,"unknown":0,"total":1}},{"uid":"89373f9181fcc6a93fdc68aa3202496c","name":"\\u767b\\u5f55\\u6d4b\\u8bd5\\u7528\\u4f8b-\\u6b63\\u786e\\u7684\\u7528\\u6237\\u540d\\u548c\\u5bc6\\u78012","statistic":{"failed":0,"broken":0,"skipped":0,"passed":1,"unknown":0,"total":1}}]}